txn_count,num_addresses
1,507103709
2,19885931
3,7142900
4,3830043
5,2477956
6,1705345
7,1229499
8,944365
9,748056
10,610583
11,501709
12,423903
13,359533
14,311415
15,272364
16,239576
17,213884
18,192085
19,171055
20,155748
21,142782
22,131399
23,120558
24,112140
25,103590
26,93613
27,87533
28,80709
29,74767
30,70108
31,65030
32,61683
33,58243
34,54870
35,51358
36,48404
37,45598
38,42960
39,40583
40,39160
41,37033
42,34815
43,33555
44,32047
45,30115
46,28787
47,27484
48,26640
49,25606
50,24123
51,23277
52,22319
53,21137
54,20240
55,19705
56,18754
57,18004
58,17425
59,16795
60,16385
61,15862
62,15072
63,14844
64,14232
65,13809
66,13597
67,13051
68,12437
69,12403
70,12041
71,11751
72,11373
73,10878
74,10504
75,10440
76,10026
77,9632
78,9406
79,9063
80,8991
81,8766
82,8583
83,8253
84,8284
85,7984
86,7836
87,7455
88,7217
89,7086
90,7005
91,6725
92,6549
93,6415
94,6315
95,6206
96,6145
97,5791
98,5758
99,5570
100,5404
101,5441
102,5230
103,5132
104,5081
105,4766
106,4689
107,4657
108,4611
109,4481
110,4389
111,4319
112,4198
113,4293
114,4020
115,3937
116,3985
117,3768
118,3732
119,3654
120,3665
121,3570
122,3469
123,3525
124,3364
125,3440
126,3302
127,3265
128,3116
129,3165
130,3119
131,3034
132,2891
133,2871
134,2863
135,2895
136,2780
137,2724
138,2728
139,2629
140,2513
141,2458
142,2466
143,2414
144,2358
145,2321
146,2322
147,2296
148,2233
149,2147
150,2166
151,2060
152,2065
153,2110
154,2033
155,2104
156,1937
157,2015
158,1980
159,1999
160,1919
161,1962
162,1819
163,1938
164,1818
165,1757
166,1653
167,1705
168,1709
169,1667
170,1719
171,1683
172,1641
173,1596
174,1571
175,1613
176,1531
177,1505
178,1463
179,1451
180,1433
181,1487
182,1471
183,1366
184,1381
185,1349
186,1415
187,1287
188,1347
189,1285
190,1301
191,1229
192,1281
193,1215
194,1242
195,1203
196,1180
197,1168
198,1131
199,1154
200,1108
201,1134
202,1124
203,1093
204,1054
205,1098
206,1070
207,1038
208,986
209,1086
210,1039
211,990
212,1052
213,968
214,1018
215,907
216,938
217,919
218,859
219,921
220,914
221,905
222,844
223,876
224,883
225,822
226,847
227,864
228,839
229,927
230,823
231,846
232,820
233,818
234,803
235,803
236,769
237,732
238,734
239,785
240,762
241,758
242,715
243,701
244,712
245,743
246,705
247,699
248,708
249,738
250,641
251,642
252,644
253,640
254,648
255,630
256,630
257,595
258,661
259,642
260,619
261,603
262,589
263,588
264,553
265,591
266,585
267,563
268,538
269,548
270,544
271,550
272,522
273,562
274,573
275,516
276,496
277,510
278,515
279,544
280,507
281,505
282,518
283,452
284,517
285,528
286,481
287,503
288,427
289,503
290,467
291,472
292,440
293,423
294,476
295,446
296,466
297,410
298,406
299,428
300,422
301,417
302,396
303,392
304,428
305,352
306,384
307,406
308,355
309,414
310,393
311,370
312,368
313,352
314,402
315,377
316,413
317,357
318,352
319,387
320,359
321,331
322,374
323,322
324,359
325,334
326,342
327,322
328,334
329,370
330,313
331,363
332,332
333,322
334,302
335,375
336,320
337,303
338,317
339,297
340,335
341,313
342,279
343,301
344,302
345,308
346,327
347,303
348,330
349,310
350,285
351,281
352,352
353,306
354,299
355,294
356,282
357,311
358,271
359,292
360,281
361,299
362,304
363,293
364,288
365,280
366,289
367,320
368,288
369,300
370,275
371,267
372,281
373,249
374,307
375,275
376,254
377,256
378,287
379,250
380,253
381,237
382,211
383,215
384,243
385,262
386,243
387,218
388,248
389,225
390,209
391,206
392,218
393,213
394,196
395,214
396,210
397,219
398,193
399,225
400,232
401,207
402,220
403,218
404,236
405,190
406,199
407,219
408,206
409,189
410,189
411,229
412,195
413,203
414,182
415,197
416,204
417,184
418,189
419,205
420,202
421,184
422,170
423,181
424,184
425,191
426,188
427,152
428,181
429,179
430,186
431,182
432,186
433,163
434,174
435,186
436,153
437,164
438,158
439,192
440,184
441,178
442,157
443,160
444,158
445,162
446,158
447,176
448,172
449,149
450,174
451,155
452,160
453,172
454,173
455,172
456,158
457,154
458,169
459,173
460,148
461,160
462,161
463,151
464,157
465,125
466,149
467,139
468,155
469,160
470,145
471,165
472,138
473,130
474,154
475,136
476,128
477,141
478,142
479,139
480,134
481,117
482,144
483,132
484,136
485,126
486,126
487,148
488,129
489,133
490,122
491,135
492,118
493,138
494,145
495,126
496,140
497,135
498,149
499,127
500,127
501,102
502,121
503,124
504,131
505,127
506,136
507,107
508,113
509,118
510,103
511,120
512,111
513,111
514,117
515,123
516,96
517,124
518,88
519,113
520,115
521,111
522,113
523,92
524,113
525,110
526,92
527,110
528,109
529,94
530,117
531,88
532,124
533,106
534,118
535,92
536,97
537,109
538,104
539,114
540,100
541,103
542,96
543,109
544,109
545,99
546,91
547,103
548,106
549,108
550,94
551,101
552,98
553,100
554,80
555,88
556,88
557,100
558,96
559,93
560,86
561,102
562,87
563,85
564,89
565,80
566,89
567,90
568,91
569,89
570,101
571,83
572,76
573,77
574,88
575,92
576,74
577,86
578,80
579,93
580,84
581,91
582,94
583,82
584,71
585,92
586,99
587,71
588,85
589,78
590,82
591,75
592,78
593,88
594,76
595,62
596,69
597,70
598,71
599,73
600,92
601,75
602,75
603,73
604,74
605,64
606,65
607,70
608,55
609,77
610,72
611,64
612,66
613,93
614,67
615,64
616,71
617,58
618,80
619,70
620,64
621,67
622,60
623,90
624,69
625,62
626,75
627,55
628,91
629,57
630,63
631,57
632,71
633,63
634,66
635,66
636,66
637,74
638,60
639,51
640,49
641,58
642,59
643,59
644,64
645,75
646,67
647,59
648,61
649,55
650,61
651,51
652,62
653,63
654,57
655,51
656,54
657,55
658,74
659,69
660,59
661,48
662,41
663,56
664,61
665,56
666,45
667,63
668,58
669,44
670,52
671,50
672,64
673,66
674,46
675,54
676,62
677,49
678,44
679,45
680,46
681,46
682,45
683,59
684,36
685,52
686,60
687,45
688,45
689,58
690,51
691,42
692,45
693,46
694,50
695,50
696,47
697,51
698,51
699,53
700,44
701,58
702,53
703,44
704,47
705,62
706,43
707,55
708,58
709,40
710,56
711,47
712,42
713,47
714,48
715,43
716,45
717,44
718,51
719,53
720,40
721,38
722,48
723,50
724,41
725,49
726,43
727,59
728,52
729,59
730,43
731,35
732,45
733,57
734,39
735,49
736,36
737,43
738,40
739,44
740,42
741,39
742,48
743,42
744,34
745,41
746,46
747,37
748,38
749,42
750,44
751,31
752,38
753,52
754,37
755,39
756,51
757,36
758,36
759,54
760,43
761,39
762,41
763,40
764,46
765,45
766,38
767,45
768,36
769,37
770,32
771,38
772,35
773,36
774,57
775,53
776,33
777,32
778,35
779,39
780,31
781,39
782,26
783,44
784,50
785,48
786,48
787,39
788,41
789,47
790,46
791,38
792,32
793,36
794,41
795,35
796,31
797,30
798,53
799,45
800,39
801,34
802,33
803,44
804,35
805,53
806,38
807,34
808,35
809,30
810,36
811,38
812,33
813,30
814,34
815,36
816,33
817,46
818,42
819,38
820,27
821,29
822,42
823,39
824,41
825,33
826,39
827,36
828,23
829,48
830,42
831,38
832,40
833,28
834,34
835,31
836,31
837,35
838,36
839,52
840,36
841,30
842,34
843,40
844,35
845,39
846,32
847,38
848,44
849,44
850,45
851,31
852,36
853,39
854,39
855,32
856,36
857,36
858,29
859,38
860,40
861,39
862,39
863,33
864,38
865,33
866,31
867,37
868,37
869,34
870,36
871,29
872,37
873,30
874,38
875,39
876,40
877,29
878,36
879,41
880,33
881,28
882,43
883,32
884,41
885,31
886,39
887,29
888,31
889,36
890,39
891,37
892,32
893,42
894,32
895,47
896,31
897,42
898,38
899,34
900,47
901,47
902,48
903,36
904,39
905,51
906,46
907,51
908,46
909,47
910,40
911,49
912,52
913,51
914,46
915,52
916,43
917,41
918,54
919,53
920,55
921,44
922,51
923,62
924,59
925,49
926,63
927,57
928,58
929,49
930,63
931,72
932,61
933,81
934,76
935,78
936,67
937,53
938,81
939,82
940,79
941,86
942,66
943,70
944,89
945,68
946,86
947,90
948,90
949,99
950,94
951,89
952,102
953,100
954,90
955,89
956,91
957,91
958,95
959,98
960,105
961,107
962,103
963,85
964,106
965,99
966,88
967,113
968,109
969,84
970,99
971,89
972,101
973,119
974,117
975,92
976,103
977,108
978,94
979,96
980,96
981,93
982,85
983,87
984,96
985,106
986,84
987,85
988,114
989,91
990,70
991,77
992,105
993,71
994,80
995,61
996,80
997,59
998,68
999,70
1000,64
1001,62
1002,59
1003,61
1004,63
1005,57
1006,56
1007,46
1008,63
1009,56
1010,56
1011,53
1012,56
1013,40
1014,38
1015,43
1016,40
1017,42
1018,36
1019,44
1020,26
1021,32
1022,30
1023,41
1024,34
1025,31
1026,33
1027,31
1028,31
1029,36
1030,28
1031,36
1032,21
1033,20
1034,29
1035,28
1036,18
1037,21
1038,23
1039,23
1040,23
1041,27
1042,23
1043,20
1044,29
1045,24
1046,15
1047,21
1048,17
1049,21
1050,12
1051,15
1052,18
1053,15
1054,20
1055,17
1056,20
1057,11
1058,13
1059,10
1060,20
1061,15
1062,28
1063,11
1064,18
1065,20
1066,15
1067,15
1068,13
1069,18
1070,13
1071,16
1072,13
1073,18
1074,18
1075,13
1076,15
1077,17
1078,18
1079,18
1080,11
1081,19
1082,11
1083,21
1084,18
1085,22
1086,18
1087,19
1088,24
1089,13
1090,20
1091,12
1092,16
1093,17
1094,19
1095,19
1096,17
1097,15
1098,19
1099,26
1100,11
1101,12
1102,16
1103,16
1104,19
1105,17
1106,20
1107,10
1108,12
1109,13
1110,16
1111,13
1112,12
1113,11
1114,16
1115,18
1116,20
1117,16
1118,11
1119,15
1120,17
1121,22
1122,13
1123,12
1124,12
1125,15
1126,17
1127,15
1128,13
1129,17
1130,19
1131,18
1132,18
1133,14
1134,16
1135,17
1136,22
1137,12
1138,16
1139,15
1140,18
1141,10
1142,12
1143,16
1144,21
1145,16
1146,9
1147,12
1148,19
1149,21
1150,15
1151,11
1152,15
1153,11
1154,21
1155,20
1156,14
1157,22
1158,20
1159,17
1160,14
1161,11
1162,16
1163,14
1164,9
1165,12
1166,17
1167,15
1168,12
1169,20
1170,9
1171,15
1172,19
1173,13
1174,14
1175,9
1176,16
1177,16
1178,18
1179,13
1180,10
1181,19
1182,9
1183,13
1184,19
1185,10
1186,13
1187,20
1188,11
1189,20
1190,8
1191,11
1192,13
1193,18
1194,10
1195,12
1196,9
1197,14
1198,26
1199,10
1200,8
1201,17
1202,8
1203,18
1204,10
1205,11
1206,8
1207,11
1208,10
1209,15
1210,10
1211,9
1212,17
1213,16
1214,13
1215,21
1216,9
1217,15
1218,12
1219,12
1220,11
1221,10
1222,7
1223,6
1224,25
1225,14
1226,11
1227,18
1228,12
1229,14
1230,15
1231,15
1232,12
1233,15
1234,9
1235,8
1236,15
1237,18
1238,20
1239,9
1240,12
1241,13
1242,10
1243,8
1244,9
1245,11
1246,16
1247,11
1248,10
1249,15
1250,15
1251,10
1252,16
1253,9
1254,13
1255,11
1256,12
1257,11
1258,7
1259,9
1260,14
1261,11
1262,15
1263,8
1264,3
1265,11
1266,11
1267,9
1268,9
1269,9
1270,8
1271,16
1272,11
1273,9
1274,9
1275,10
1276,11
1277,13
1278,14
1279,14
1280,9
1281,8
1282,12
1283,13
1284,14
1285,15
1286,11
1287,14
1288,12
1289,14
1290,7
1291,12
1292,15
1293,15
1294,8
1295,8
1296,10
1297,12
1298,16
1299,15
1300,8
1301,14
1302,8
1303,9
1304,10
1305,4
1306,11
1307,11
1308,10
1309,8
1310,12
1311,10
1312,13
1313,5
1314,9
1315,5
1316,14
1317,13
1318,10
1319,4
1320,7
1321,5
1322,14
1323,8
1324,13
1325,14
1326,10
1327,15
1328,8
1329,8
1330,14
1331,8
1332,8
1333,9
1334,14
1335,7
1336,8
1337,8
1338,8
1339,13
1340,13
1341,6
1342,11
1343,10
1344,4
1345,6
1346,10
1347,10
1348,9
1349,9
1350,11
1351,9
1352,10
1353,6
1354,18
1355,10
1356,5
1357,11
1358,4
1359,5
1360,10
1361,16
1362,11
1363,9
1364,12
1365,7
1366,4
1367,10
1368,5
1369,8
1370,11
1371,7
1372,9
1373,10
1374,7
1375,9
1376,5
1377,8
1378,11
1379,5
1380,8
1381,8
1382,9
1383,10
1384,7
1385,12
1386,12
1387,4
1388,3
1389,9
1390,11
1391,8
1392,10
1393,10
1394,12
1395,10
1396,6
1397,9
1398,4
1399,5
1400,6
1401,8
1402,4
1403,9
1404,3
1405,8
1406,5
1407,5
1408,5
1409,15
1410,8
1411,10
1412,4
1413,10
1414,11
1415,3
1416,4
1417,6
1418,5
1419,10
1420,5
1421,8
1422,12
1423,7
1424,2
1425,12
1426,3
1427,10
1428,3
1429,3
1430,9
1431,7
1432,9
1433,6
1434,4
1435,9
1436,5
1437,8
1438,10
1439,10
1440,4
1441,9
1442,9
1443,10
1444,13
1445,13
1446,8
1447,2
1448,8
1449,5
1450,11
1451,5
1452,9
1453,6
1454,8
1455,11
1456,11
1457,9
1458,7
1459,10
1460,7
1461,12
1462,7
1463,11
1464,4
1465,10
1466,6
1467,3
1468,8
1469,4
1470,8
1471,6
1472,5
1473,12
1474,8
1475,5
1476,4
1477,11
1478,3
1479,4
1480,7
1481,4
1482,7
1483,5
1484,5
1485,2
1486,7
1487,3
1488,6
1489,6
1490,5
1491,10
1492,7
1493,5
1494,6
1495,7
1496,5
1497,6
1498,9
1499,3
1500,9
1501,6
1502,9
1503,4
1504,8
1505,5
1506,11
1507,9
1508,6
1509,10
1510,7
1511,3
1512,9
1513,7
1514,5
1515,11
1516,9
1517,4
1518,9
1519,6
1520,4
1521,9
1522,5
1523,5
1524,4
1525,13
1526,7
1527,8
1528,6
1529,9
1530,3
1531,10
1532,5
1533,7
1534,8
1535,8
1536,9
1537,7
1538,5
1539,11
1540,6
1541,9
1542,6
1543,9
1544,7
1545,6
1546,8
1547,6
1548,8
1549,7
1550,11
1551,5
1552,5
1553,7
1554,6
1555,9
1556,6
1557,9
1558,5
1559,4
1560,3
1561,9
1562,8
1563,15
1564,3
1565,9
1566,5
1567,5
1568,6
1569,5
1570,2
1571,3
1572,2
1573,8
1574,11
1575,5
1576,9
1577,5
1578,8
1579,11
1580,6
1581,6
1582,6
1583,8
1584,7
1585,6
1586,6
1587,6
1588,7
1589,7
1590,7
1591,9
1592,7
1593,6
1594,6
1595,6
1596,7
1597,10
1598,6
1599,2
1600,2
1601,8
1602,8
1603,9
1604,5
1605,5
1606,4
1607,10
1608,11
1609,1
1610,7
1611,9
1612,3
1613,7
1614,4
1615,3
1616,7
1617,7
1618,7
1619,5
1620,8
1621,2
1622,7
1623,5
1624,14
1625,9
1626,4
1627,5
1628,6
1629,2
1630,6
1631,7
1632,7
1633,7
1634,5
1635,7
1636,8
1637,7
1638,9
1639,5
1640,6
1641,3
1642,8
1643,7
1644,8
1645,6
1646,1
1647,5
1648,2
1649,9
1650,4
1651,7
1652,3
1653,4
1654,6
1655,6
1656,11
1657,7
1658,6
1659,8
1660,7
1661,6
1662,5
1663,6
1664,5
1665,8
1666,3
1667,3
1668,10
1669,5
1670,8
1671,4
1672,5
1673,5
1674,8
1675,5
1676,5
1677,7
1678,3
1679,8
1680,6
1681,9
1682,6
1683,6
1684,5
1685,4
1686,10
1687,5
1688,7
1689,4
1690,6
1691,8
1692,10
1693,9
1694,11
1695,3
1696,4
1697,10
1698,5
1699,4
1700,9
1701,5
1702,10
1703,6
1704,10
1705,9
1706,7
1707,3
1708,8
1709,9
1710,10
1711,6
1712,6
1713,5
1714,6
1715,11
1716,6
1717,13
1718,5
1719,7
1720,10
1721,8
1722,5
1723,5
1724,6
1725,4
1726,3
1727,1
1728,5
1729,6
1730,3
1731,7
1732,4
1733,9
1734,6
1735,4
1736,3
1737,4
1738,7
1739,6
1740,7
1741,4
1742,4
1743,2
1744,9
1745,4
1746,3
1747,7
1748,4
1749,9
1750,5
1751,3
1752,3
1753,4
1754,5
1755,3
1756,10
1757,10
1758,8
1759,5
1760,4
1761,5
1762,2
1763,4
1764,5
1765,4
1766,6
1767,7
1768,6
1769,4
1770,2
1771,9
1772,3
1773,4
1774,4
1775,4
1776,4
1777,4
1778,4
1779,3
1780,2
1781,8
1782,2
1783,3
1784,8
1785,2
1786,6
1787,5
1788,10
1789,7
1790,1
1791,5
1792,4
1793,9
1794,7
1795,6
1796,8
1797,8
1798,7
1799,3
1800,7
1801,5
1802,3
1803,4
1804,5
1805,2
1806,3
1807,6
1808,3
1809,4
1810,3
1811,4
1812,7
1813,12
1814,11
1815,6
1816,9
1817,3
1818,3
1819,8
1820,7
1821,5
1822,11
1823,6
1824,5
1825,8
1826,5
1827,5
1828,4
1829,3
1830,3
1831,3
1832,6
1833,5
1834,7
1835,2
1836,4
1837,7
1838,8
1839,8
1840,6
1841,6
1842,3
1843,5
1844,2
1845,6
1846,4
1847,1
1848,3
1849,4
1850,8
1851,4
1852,4
1853,2
1854,7
1855,7
1856,2
1857,2
1858,4
1859,3
1860,3
1861,2
1862,7
1863,2
1864,6
1865,2
1866,8
1867,5
1868,2
1869,5
1870,10
1871,5
1872,5
1873,5
1874,9
1875,5
1876,5
1877,5
1878,1
1879,8
1880,7
1881,3
1882,5
1883,5
1884,4
1885,5
1886,3
1887,5
1888,2
1889,2
1890,2
1891,5
1892,2
1893,6
1894,6
1895,1
1896,2
1897,5
1898,1
1899,3
1900,5
1901,8
1902,6
1903,7
1904,3
1905,8
1906,3
1907,10
1908,6
1909,5
1910,4
1911,7
1912,4
1913,2
1914,6
1915,6
1916,5
1917,1
1918,4
1919,3
1920,3
1921,3
1922,2
1923,4
1924,7
1925,2
1926,3
1927,3
1928,5
1929,3
1930,3
1931,3
1932,4
1933,2
1934,1
1935,5
1936,3
1937,4
1938,3
1939,3
1940,3
1941,3
1942,6
1943,4
1944,5
1945,5
1946,5
1947,5
1948,5
1950,4
1951,4
1952,4
1953,7
1954,4
1955,2
1956,1
1957,2
1958,2
1959,5
1960,2
1961,2
1962,4
1963,3
1964,4
1965,3
1966,4
1967,4
1968,5
1969,4
1970,6
1971,6
1972,2
1973,4
1974,3
1975,2
1976,7
1977,2
1978,7
1979,3
1980,3
1981,2
1982,5
1983,4
1984,6
1985,1
1986,8
1987,5
1988,2
1989,2
1990,8
1991,11
1992,1
1993,4
1994,6
1995,4
1996,1
1997,5
1998,5
1999,4
2000,5
2001,4
2002,5
2003,3
2004,5
2005,4
2006,5
2007,5
2008,3
2009,3
2010,3
2011,8
2012,7
2013,9
2014,3
2015,2
2016,3
2017,4
2018,5
2019,4
2020,5
2021,5
2022,7
2023,4
2024,6
2025,5
2026,3
2027,6
2028,5
2029,5
2030,2
2031,4
2032,2
2033,3
2034,2
2035,3
2036,7
2037,4
2038,2
2039,2
2040,4
2041,2
2042,3
2043,4
2044,7
2045,2
2046,3
2047,4
2048,7
2049,4
2050,4
2051,5
2052,3
2053,2
2054,4
2055,4
2057,1
2058,7
2059,4
2060,5
2061,5
2062,4
2063,3
2064,3
2065,2
2067,4
2068,2
2069,6
2070,4
2071,5
2072,1
2073,4
2074,4
2075,5
2076,3
2077,4
2078,1
2079,3
2080,3
2081,6
2082,3
2083,4
2084,1
2085,6
2086,3
2087,4
2088,4
2089,2
2090,2
2092,3
2093,3
2094,6
2095,3
2096,3
2097,7
2098,6
2099,7
2100,4
2101,2
2102,10
2103,1
2104,6
2105,3
2106,2
2107,4
2108,1
2109,3
2110,6
2111,1
2112,2
2113,1
2114,5
2115,8
2116,2
2117,2
2118,2
2119,3
2121,1
2122,1
2123,1
2124,3
2125,2
2126,2
2127,3
2128,1
2129,2
2130,6
2131,5
2132,3
2133,3
2134,5
2135,4
2136,3
2137,2
2138,3
2139,2
2140,6
2141,5
2142,3
2143,3
2144,4
2145,4
2146,2
2147,3
2148,4
2149,4
2150,3
2151,3
2152,4
2153,3
2154,2
2155,4
2156,6
2157,4
2158,3
2159,6
2160,1
2161,2
2162,1
2163,2
2164,4
2165,4
2166,2
2167,4
2169,5
2170,3
2171,3
2172,2
2173,4
2174,4
2176,3
2177,4
2179,3
2180,4
2181,5
2182,6
2183,3
2185,1
2186,2
2187,1
2188,1
2189,5
2190,5
2191,3
2192,3
2193,3
2194,2
2195,2
2196,6
2197,6
2198,4
2199,2
2200,2
2201,5
2202,2
2203,1
2204,1
2205,2
2206,3
2207,3
2208,5
2209,2
2210,2
2211,4
2212,4
2213,2
2214,1
2215,1
2216,5
2218,1
2219,3
2220,1
2221,2
2222,2
2223,4
2224,1
2225,3
2226,5
2227,3
2228,1
2229,4
2230,2
2231,2
2232,3
2233,3
2234,4
2237,3
2238,5
2239,5
2240,3
2241,1
2242,3
2243,2
2244,4
2245,1
2246,5
2247,2
2248,2
2249,3
2250,2
2251,4
2252,3
2253,3
2254,4
2256,1
2257,1
2258,5
2259,3
2260,2
2261,6
2262,3
2263,3
2264,4
2265,1
2266,2
2267,1
2268,3
2269,2
2270,5
2272,1
2274,1
2275,1
2276,3
2277,2
2279,4
2281,3
2282,2
2283,3
2284,4
2285,4
2286,2
2287,5
2288,2
2289,3
2290,3
2291,4
2292,2
2293,3
2294,3
2296,2
2297,2
2298,1
2299,4
2300,5
2301,2
2302,2
2303,3
2304,3
2305,3
2306,2
2307,1
2308,1
2309,4
2310,2
2311,1
2313,3
2314,3
2315,3
2316,1
2317,2
2318,2
2319,4
2320,8
2321,2
2322,4
2323,3
2324,5
2325,6
2326,5
2327,3
2329,1
2330,6
2331,1
2332,6
2334,2
2335,4
2336,4
2338,2
2339,3
2340,3
2341,4
2342,3
2343,1
2344,4
2345,1
2346,2
2347,4
2348,3
2349,2
2350,5
2351,1
2352,2
2354,6
2355,3
2356,4
2357,2
2358,3
2359,1
2360,3
2361,7
2362,3
2363,4
2364,6
2365,3
2366,2
2368,2
2369,1
2370,1
2371,2
2372,2
2373,3
2374,3
2375,1
2376,2
2378,1
2379,1
2380,1
2381,1
2382,1
2383,2
2384,3
2385,3
2386,2
2387,4
2388,1
2389,3
2390,3
2391,2
2393,2
2394,4
2395,2
2396,1
2397,1
2399,4
2400,1
2401,1
2402,2
2403,3
2404,1
2405,4
2406,1
2407,1
2408,3
2409,2
2410,1
2411,3
2412,2
2413,3
2414,3
2416,3
2417,1
2418,4
2419,4
2420,2
2421,3
2422,1
2423,2
2425,2
2426,2
2428,3
2429,4
2430,1
2431,2
2432,2
2433,3
2434,1
2436,1
2437,2
2438,2
2439,2
2440,5
2442,1
2443,1
2444,1
2446,2
2447,1
2449,3
2450,5
2451,4
2452,4
2453,1
2454,2
2455,2
2456,4
2457,1
2458,4
2459,3
2460,2
2461,2
2462,2
2463,1
2464,5
2465,2
2466,2
2467,2
2468,4
2469,2
2470,4
2471,2
2473,3
2474,2
2475,4
2476,6
2477,1
2478,5
2479,1
2480,1
2481,2
2482,2
2483,3
2484,1
2485,1
2486,1
2487,2
2488,4
2490,2
2491,1
2492,3
2493,2
2494,2
2495,3
2496,4
2497,4
2498,2
2499,1
2500,1
2501,3
2503,3
2504,3
2505,2
2507,6
2508,2
2509,2
2510,1
2512,3
2513,3
2514,2
2516,1
2518,3
2519,1
2522,4
2523,3
2524,2
2525,1
2526,1
2527,3
2528,2
2529,1
2530,1
2531,3
2532,1
2533,3
2534,2
2535,2
2536,3
2537,3
2538,2
2539,2
2540,2
2541,2
2542,2
2543,4
2544,2
2546,3
2547,5
2548,2
2549,3
2550,4
2551,2
2552,1
2554,2
2555,1
2556,2
2557,2
2558,2
2559,4
2560,2
2561,1
2562,3
2563,2
2564,2
2565,1
2566,4
2567,5
2568,1
2569,2
2570,3
2571,4
2572,5
2575,4
2576,1
2577,2
2578,1
2580,1
2581,4
2582,4
2583,1
2584,1
2586,2
2587,3
2588,2
2589,1
2590,1
2591,1
2592,3
2594,3
2595,2
2597,1
2598,1
2599,1
2600,3
2601,2
2602,1
2603,3
2604,1
2606,3
2608,1
2609,2
2610,2
2612,3
2613,3
2615,1
2616,3
2617,1
2618,4
2619,2
2620,1
2621,4
2622,6
2623,5
2624,2
2626,2
2627,1
2628,2
2629,4
2630,2
2631,5
2632,3
2633,3
2634,4
2635,2
2636,3
2637,1
2638,1
2639,2
2640,3
2641,3
2642,4
2643,4
2645,3
2646,6
2647,3
2648,4
2649,1
2651,1
2652,1
2653,1
2654,2
2655,1
2656,2
2657,2
2659,2
2660,5
2661,1
2662,2
2663,3
2664,1
2665,1
2666,3
2667,2
2669,1
2670,4
2671,3
2672,1
2673,2
2674,3
2675,3
2676,1
2678,5
2679,6
2680,2
2681,1
2683,3
2684,2
2685,1
2687,2
2689,2
2690,3
2691,1
2692,2
2693,3
2694,4
2695,2
2696,2
2697,3
2698,4
2699,2
2700,1
2701,1
2702,1
2703,1
2704,2
2705,1
2706,1
2707,4
2708,2
2709,3
2710,1
2713,2
2714,1
2715,2
2717,3
2718,1
2720,2
2721,2
2722,2
2724,6
2725,2
2726,4
2727,1
2728,2
2729,1
2731,3
2732,3
2733,2
2734,1
2736,4
2737,1
2738,1
2739,2
2740,4
2741,2
2743,1
2744,1
2745,4
2746,2
2747,1
2749,2
2752,2
2753,1
2755,1
2756,2
2757,3
2758,3
2759,3
2760,1
2761,1
2762,2
2763,2
2764,3
2765,1
2766,2
2767,2
2769,3
2770,1
2772,1
2773,4
2774,1
2775,2
2777,3
2778,1
2779,4
2780,1
2781,2
2783,2
2784,1
2786,4
2787,1
2788,1
2789,1
2790,2
2791,2
2792,2
2793,4
2794,4
2795,1
2796,1
2797,4
2798,3
2799,5
2801,2
2802,1
2803,1
2805,4
2807,4
2808,1
2809,1
2810,1
2811,2
2812,1
2813,2
2815,2
2816,2
2818,2
2819,2
2820,1
2821,2
2822,1
2823,1
2824,2
2825,1
2826,2
2827,3
2828,1
2829,2
2831,3
2832,3
2833,2
2834,5
2835,1
2836,1
2837,3
2838,2
2839,2
2840,2
2841,2
2842,1
2843,1
2844,1
2846,1
2847,1
2848,3
2849,1
2851,2
2852,2
2853,3
2854,1
2855,4
2856,4
2857,1
2859,1
2860,2
2861,2
2864,4
2865,2
2866,1
2867,2
2868,1
2869,1
2870,1
2872,2
2873,2
2874,1
2875,1
2876,1
2878,3
2879,1
2880,2
2882,3
2883,1
2884,1
2885,1
2886,1
2887,1
2889,3
2891,1
2892,4
2894,2
2896,1
2898,1
2899,1
2900,3
2901,2
2902,2
2903,1
2904,1
2906,1
2907,1
2908,1
2909,1
2910,1
2912,2
2914,3
2915,1
2916,3
2917,1
2918,3
2919,1
2920,2
2921,2
2923,2
2924,1
2925,4
2926,2
2928,1
2929,2
2930,2
2931,1
2932,3
2933,4
2934,1
2936,2
2937,1
2939,1
2941,3
2942,2
2944,3
2946,1
2949,1
2950,1
2951,1
2952,2
2954,1
2955,1
2956,1
2957,1
2958,2
2959,2
2960,1
2962,3
2964,2
2965,1
2966,3
2967,2
2969,4
2971,3
2972,3
2973,1
2974,1
2976,4
2977,1
2978,4
2979,3
2980,1
2982,4
2983,2
2984,2
2985,1
2986,3
2987,1
2989,4
2990,3
2991,1
2992,1
2993,3
2994,1
2995,2
2997,5
2998,1
3000,1
3001,1
3002,2
3003,1
3004,3
3005,1
3006,2
3007,2
3009,1
3011,1
3012,2
3013,2
3016,1
3017,1
3018,1
3019,1
3021,1
3022,3
3023,3
3024,2
3025,1
3026,6
3027,1
3028,2
3029,1
3030,1
3031,2
3032,1
3033,2
3034,1
3036,1
3037,1
3038,2
3040,2
3042,2
3043,3
3045,1
3046,2
3047,3
3048,3
3049,2
3051,3
3052,1
3054,2
3055,2
3056,2
3057,1
3058,1
3060,1
3064,2
3066,1
3069,1
3072,1
3073,2
3074,1
3076,1
3078,1
3079,2
3080,1
3081,1
3082,2
3084,3
3085,1
3086,2
3087,2
3088,3
3090,2
3091,1
3092,1
3093,3
3094,1
3095,1
3096,1
3097,2
3098,1
3099,2
3101,2
3102,2
3103,2
3104,4
3105,2
3107,1
3109,1
3110,1
3111,1
3116,1
3117,1
3118,1
3124,1
3126,1
3127,1
3129,2
3131,1
3132,3
3133,1
3134,2
3136,3
3137,1
3138,3
3139,2
3140,1
3141,1
3142,3
3143,1
3144,2
3145,1
3146,1
3148,1
3149,1
3150,1
3154,1
3155,3
3156,1
3157,1
3158,2
3159,1
3161,1
3162,3
3163,1
3164,3
3165,2
3167,4
3169,1
3170,1
3171,2
3173,2
3175,1
3176,3
3177,2
3178,1
3180,3
3181,1
3183,1
3184,1
3185,1
3186,1
3187,1
3188,2
3189,1
3191,3
3192,2
3193,3
3194,4
3195,3
3196,2
3197,2
3199,3
3200,1
3201,2
3202,2
3203,4
3206,1
3208,4
3209,1
3210,2
3211,3
3212,4
3214,3
3215,2
3216,1
3217,1
3218,2
3219,1
3220,1
3221,1
3222,1
3223,1
3224,2
3225,3
3226,1
3227,2
3228,2
3230,1
3231,1
3232,2
3233,1
3235,1
3236,1
3237,2
3240,6
3241,1
3243,1
3244,1
3245,2
3247,2
3248,1
3249,1
3250,3
3251,2
3253,2
3254,1
3255,1
3256,3
3257,1
3258,2
3260,1
3262,1
3263,1
3264,2
3266,2
3267,2
3268,1
3270,3
3271,3
3272,1
3275,2
3276,3
3278,2
3280,1
3281,2
3282,1
3284,1
3290,1
3291,2
3294,1
3295,1
3296,1
3298,1
3299,2
3300,3
3301,1
3302,1
3303,2
3304,2
3305,3
3306,1
3308,2
3309,1
3310,1
3312,1
3314,1
3315,2
3316,2
3317,1
3318,1
3319,2
3320,1
3321,3
3323,1
3324,1
3325,2
3326,1
3327,2
3328,2
3330,1
3331,1
3332,2
3333,1
3334,1
3335,2
3336,1
3338,1
3339,3
3340,1
3345,2
3346,1
3347,1
3349,1
3350,1
3353,1
3354,2
3356,5
3359,2
3360,1
3363,1
3364,3
3365,1
3366,1
3368,1
3369,1
3370,1
3372,1
3373,2
3375,1
3376,4
3380,1
3382,3
3383,1
3384,1
3386,1
3387,1
3388,2
3390,1
3391,1
3392,2
3394,1
3395,1
3397,1
3398,1
3400,1
3401,2
3405,2
3406,1
3408,2
3410,1
3411,4
3413,3
3415,1
3417,1
3418,1
3420,1
3421,1
3423,2
3426,1
3427,2
3428,3
3429,2
3430,1
3432,1
3435,2
3437,2
3438,1
3439,1
3442,2
3443,2
3444,1
3446,2
3448,2
3451,1
3453,3
3454,2
3457,3
3458,1
3459,3
3461,4
3462,1
3466,1
3467,1
3468,3
3469,1
3470,2
3471,1
3472,1
3473,2
3474,1
3475,1
3477,1
3478,3
3480,1
3482,2
3483,1
3484,1
3485,3
3486,3
3487,1
3490,1
3492,1
3493,2
3494,1
3495,1
3497,2
3499,3
3500,1
3501,1
3502,1
3503,2
3504,1
3506,1
3511,1
3512,1
3513,1
3514,1
3515,1
3516,3
3517,1
3518,1
3522,2
3523,1
3524,2
3525,1
3526,2
3527,1
3528,1
3529,1
3530,2
3532,2
3533,1
3534,1
3535,2
3537,1
3539,2
3540,3
3541,4
3543,3
3545,3
3546,2
3548,1
3549,2
3550,1
3552,1
3553,3
3557,3
3558,1
3559,2
3560,1
3561,1
3564,1
3567,3
3568,3
3570,1
3571,3
3572,1
3573,1
3577,1
3579,1
3581,1
3584,1
3585,1
3587,1
3588,1
3591,1
3594,3
3596,2
3597,2
3598,1
3601,2
3603,1
3604,1
3605,2
3609,4
3610,3
3612,1
3614,2
3617,3
3618,2
3619,1
3620,1
3621,3
3624,2
3626,3
3630,1
3632,1
3633,1
3635,2
3638,1
3639,1
3640,1
3641,1
3643,2
3644,2
3645,1
3647,2
3649,1
3650,2
3652,2
3654,1
3655,1
3656,1
3658,1
3659,1
3660,1
3661,1
3662,2
3664,2
3665,1
3667,1
3668,1
3669,1
3670,2
3671,1
3672,1
3673,2
3675,2
3676,1
3677,3
3678,1
3679,1
3680,1
3681,1
3682,1
3683,2
3685,2
3687,2
3688,2
3689,1
3691,1
3692,2
3693,1
3694,2
3695,1
3701,2
3702,1
3704,1
3705,1
3706,1
3707,1
3709,1
3712,1
3714,1
3717,2
3722,1
3725,1
3726,1
3727,3
3728,1
3730,1
3731,2
3732,4
3733,1
3735,2
3738,1
3739,2
3740,1
3741,1
3742,1
3744,1
3747,1
3750,1
3755,1
3757,1
3758,1
3759,1
3763,1
3765,1
3766,1
3768,2
3769,1
3770,1
3771,2
3772,1
3773,3
3776,1
3778,2
3779,2
3780,1
3781,1
3783,4
3784,1
3785,1
3786,2
3787,1
3788,1
3793,1
3795,2
3796,1
3797,3
3798,1
3802,1
3805,2
3806,1
3807,1
3810,3
3811,1
3812,3
3813,1
3814,1
3816,2
3818,3
3819,2
3820,1
3822,1
3823,1
3825,3
3828,1
3829,3
3830,2
3831,1
3832,2
3833,1
3834,2
3836,1
3837,1
3838,1
3841,2
3842,2
3844,2
3845,1
3847,3
3848,1
3850,1
3851,1
3854,1
3857,3
3860,2
3865,1
3866,1
3867,2
3868,3
3870,2
3871,2
3872,2
3874,1
3876,1
3877,3
3878,2
3879,2
3880,2
3881,1
3883,2
3884,1
3887,3
3889,2
3890,1
3891,2
3892,2
3893,1
3894,1
3895,1
3900,1
3901,3
3902,1
3904,1
3906,2
3907,1
3908,1
3910,1
3912,1
3915,2
3916,5
3917,1
3919,4
3920,1
3923,2
3924,2
3925,2
3926,1
3928,1
3932,1
3934,1
3936,1
3937,2
3938,2
3940,2
3942,2
3945,2
3946,1
3947,3
3948,1
3949,1
3951,1
3952,1
3954,1
3955,1
3956,2
3957,1
3959,1
3960,2
3961,1
3963,1
3965,1
3966,1
3967,1
3969,2
3970,3
3975,1
3976,3
3977,1
3979,2
3980,1
3984,2
3986,1
3988,1
3992,1
3993,1
3994,3
3997,1
3998,1
4000,5
4002,2
4004,2
4005,3
4006,2
4007,1
4008,3
4009,1
4010,1
4011,1
4012,2
4014,1
4019,1
4020,1
4021,1
4023,3
4024,1
4026,3
4028,2
4031,2
4034,1
4036,1
4037,1
4038,2
4040,1
4041,1
4042,2
4043,1
4045,1
4047,2
4050,1
4051,1
4052,1
4053,2
4054,4
4056,2
4058,1
4060,9
4061,1
4062,2
4063,1
4064,3
4065,1
4067,1
4068,2
4069,1
4070,1
4071,3
4072,2
4073,2
4074,3
4076,2
4078,1
4079,1
4082,2
4083,1
4086,2
4087,1
4088,1
4090,3
4091,1
4093,1
4095,3
4096,1
4097,4
4098,2
4099,2
4101,1
4102,1
4103,2
4104,1
4105,2
4106,3
4107,2
4108,1
4110,6
4111,1
4113,2
4115,1
4116,1
4118,2
4120,2
4121,1
4123,1
4125,3
4127,1
4128,1
4129,1
4131,1
4132,3
4133,1
4135,1
4136,3
4137,1
4138,1
4144,1
4145,2
4146,1
4147,1
4148,2
4149,2
4150,2
4151,1
4152,3
4153,3
4154,1
4156,1
4157,1
4158,3
4160,1
4161,2
4162,1
4164,3
4165,1
4166,3
4167,5
4168,3
4169,2
4170,2
4171,1
4173,1
4174,2
4176,4
4177,1
4178,1
4180,2
4181,1
4182,1
4183,2
4184,1
4186,1
4187,3
4188,1
4189,1
4191,3
4192,1
4193,1
4197,3
4198,1
4202,1
4204,1
4207,2
4209,2
4211,3
4216,1
4218,1
4219,2
4220,2
4221,1
4228,1
4230,1
4231,2
4235,1
4237,1
4238,2
4240,1
4243,1
4244,2
4245,2
4246,1
4248,1
4250,2
4251,1
4252,2
4253,3
4254,1
4255,2
4260,1
4261,1
4262,2
4265,1
4267,2
4268,1
4270,1
4272,1
4274,1
4275,1
4276,1
4278,1
4279,1
4281,3
4283,2
4285,2
4289,1
4291,1
4292,1
4293,2
4294,1
4296,1
4297,1
4299,1
4302,1
4303,2
4306,1
4307,1
4308,1
4311,1
4312,1
4313,1
4315,2
4319,1
4320,1
4321,3
4322,1
4326,1
4328,1
4329,1
4330,1
4333,2
4334,1
4338,1
4341,1
4342,2
4343,2
4345,1
4348,1
4349,2
4351,2
4354,1
4355,1
4357,1
4359,1
4360,1
4362,1
4363,1
4365,1
4366,1
4367,2
4369,1
4370,3
4372,1
4373,2
4374,2
4375,1
4377,1
4379,1
4382,1
4383,1
4384,1
4385,1
4388,2
4389,2
4391,1
4392,1
4394,1
4396,2
4398,1
4406,1
4407,3
4408,1
4409,1
4411,1
4413,1
4414,1
4415,1
4416,2
4420,2
4422,1
4423,1
4424,1
4426,1
4428,1
4430,1
4432,2
4434,1
4439,2
4441,1
4442,1
4445,1
4447,1
4448,1
4450,1
4451,1
4456,1
4458,1
4461,1
4462,1
4463,1
4465,1
4466,2
4468,1
4469,1
4473,2
4474,2
4475,1
4476,1
4478,1
4480,2
4482,1
4483,1
4485,1
4488,1
4493,1
4494,1
4495,2
4498,1
4499,2
4502,1
4505,1
4506,1
4507,1
4508,1
4510,1
4511,2
4512,1
4514,1
4515,1
4519,1
4520,2
4521,1
4528,1
4530,1
4531,1
4532,1
4533,1
4534,1
4540,1
4541,2
4543,1
4545,1
4554,1
4558,1
4562,1
4563,1
4564,1
4566,1
4568,2
4569,1
4574,1
4575,1
4577,1
4578,1
4583,1
4584,1
4588,1
4590,2
4591,2
4592,1
4596,1
4597,1
4600,2
4611,3
4614,3
4616,1
4617,1
4619,1
4620,1
4628,1
4631,1
4632,2
4633,1
4636,2
4643,2
4651,1
4657,2
4658,2
4659,3
4663,2
4664,1
4666,1
4667,1
4670,2
4673,1
4674,2
4675,1
4676,1
4680,1
4681,1
4682,1
4684,1
4688,1
4689,1
4690,1
4691,1
4692,1
4693,1
4694,1
4697,1
4698,1
4699,1
4701,1
4705,2
4706,1
4709,1
4710,1
4712,1
4714,1
4718,1
4720,1
4721,2
4728,2
4730,1
4731,1
4734,1
4739,1
4742,1
4744,1
4745,2
4746,1
4747,1
4756,2
4759,1
4760,1
4761,3
4764,1
4765,2
4768,1
4769,2
4770,2
4774,4
4775,1
4776,1
4777,1
4780,1
4783,1
4789,2
4792,2
4795,1
4796,1
4797,1
4798,1
4801,1
4802,1
4806,1
4807,1
4808,1
4809,1
4813,3
4814,1
4815,1
4820,1
4821,1
4824,2
4828,2
4834,1
4838,1
4842,2
4844,1
4847,1
4853,1
4856,1
4857,1
4864,1
4865,1
4866,1
4867,2
4870,1
4871,1
4880,1
4888,1
4893,1
4894,2
4896,1
4898,1
4902,1
4903,1
4905,1
4906,1
4908,1
4910,1
4912,1
4913,1
4917,1
4925,2
4926,1
4927,1
4934,1
4937,1
4940,1
4942,1
4949,2
4954,1
4959,1
4961,1
4963,1
4965,1
4966,3
4967,1
4969,1
4974,1
4976,1
4978,3
4979,1
4980,1
4982,1
4983,1
4985,1
4989,1
4990,2
4991,1
4993,1
5000,1
5001,2
5002,2
5005,1
5006,1
5007,1
5011,1
5012,1
5013,1
5021,1
5023,1
5024,2
5025,1
5026,2
5027,1
5038,1
5039,1
5040,2
5054,1
5062,2
5064,3
5068,2
5071,1
5072,1
5077,1
5078,1
5079,1
5081,2
5086,1
5087,1
5089,1
5090,2
5099,1
5107,1
5110,2
5112,2
5113,1
5117,2
5119,1
5125,1
5129,2
5132,1
5133,2
5135,1
5136,2
5137,1
5141,1
5147,1
5152,1
5153,1
5156,1
5157,2
5159,1
5163,1
5165,1
5171,1
5172,2
5174,1
5175,1
5184,1
5189,1
5191,1
5198,1
5199,1
5207,1
5209,2
5215,1
5219,2
5223,2
5229,1
5236,1
5239,1
5240,1
5241,2
5246,1
5247,1
5249,1
5252,1
5253,2
5255,1
5257,1
5258,1
5259,1
5261,2
5264,1
5267,1
5269,1
5271,1
5275,1
5278,1
5281,1
5282,1
5287,1
5289,2
5292,1
5294,1
5296,1
5298,1
5299,1
5303,1
5304,1
5306,1
5307,1
5309,1
5310,1
5312,1
5313,1
5319,1
5323,1
5326,1
5327,1
5328,2
5330,1
5331,2
5339,1
5342,1
5344,1
5349,1
5352,1
5354,2
5356,1
5360,1
5363,1
5368,1
5370,1
5371,2
5376,2
5378,1
5385,1
5390,1
5394,1
5396,1
5397,1
5398,1
5401,1
5402,1
5403,2
5404,1
5407,1
5415,1
5417,1
5419,1
5422,1
5429,1
5432,1
5433,1
5437,1
5441,1
5444,1
5446,1
5448,2
5455,1
5457,1
5458,1
5461,4
5464,2
5465,1
5470,1
5473,1
5477,1
5479,2
5485,2
5489,1
5498,2
5500,1
5501,2
5504,1
5509,1
5510,1
5517,1
5518,1
5519,1
5521,1
5525,1
5530,1
5535,1
5540,1
5552,1
5563,1
5567,1
5568,2
5570,2
5575,1
5578,2
5580,1
5582,1
5587,3
5592,1
5594,2
5597,1
5600,1
5603,1
5607,1
5610,1
5615,2
5616,1
5617,3
5619,2
5620,1
5622,1
5623,1
5625,1
5626,1
5628,1
5630,2
5633,1
5634,1
5635,1
5638,1
5641,2
5642,1
5648,1
5649,1
5651,2
5654,2
5655,1
5656,2
5660,2
5661,1
5667,1
5669,1
5674,2
5677,1
5684,1
5685,1
5687,1
5691,1
5700,1
5701,2
5704,1
5705,1
5708,1
5711,1
5715,1
5718,2
5720,1
5721,1
5722,1
5724,1
5725,1
5734,2
5741,1
5742,1
5743,1
5744,1
5747,1
5748,1
5749,1
5750,1
5754,1
5756,1
5762,1
5771,1
5775,1
5779,1
5781,2
5787,2
5791,2
5792,1
5795,2
5796,1
5798,1
5803,1
5809,2
5815,1
5817,1
5824,2
5826,1
5834,2
5837,1
5841,1
5846,1
5848,1
5849,2
5851,2
5852,1
5857,1
5859,2
5860,1
5864,1
5865,1
5867,1
5875,1
5878,1
5882,1
5887,1
5888,1
5892,1
5895,1
5896,1
5901,1
5904,1
5909,1
5916,1
5917,2
5925,1
5926,2
5928,1
5932,3
5941,2
5949,2
5953,2
5955,2
5956,1
5962,1
5963,1
5964,1
5971,2
5972,1
5974,2
5975,1
5977,1
5979,2
5982,1
5987,1
5988,1
5992,1
5999,1
6010,1
6020,1
6023,1
6025,1
6026,1
6028,1
6034,1
6038,2
6040,3
6042,1
6046,1
6049,1
6051,1
6055,2
6057,1
6062,1
6064,1
6065,2
6072,1
6074,1
6082,1
6083,1
6085,1
6088,1
6090,1
6093,1
6098,1
6101,1
6104,1
6106,1
6107,1
6108,1
6113,1
6114,1
6116,1
6119,1
6120,1
6121,1
6123,2
6128,1
6132,1
6133,1
6145,1
6150,1
6152,1
6153,1
6156,1
6161,2
6163,2
6164,2
6168,1
6169,1
6171,1
6173,1
6175,1
6176,1
6190,1
6198,1
6199,1
6207,2
6218,1
6222,1
6225,1
6226,1
6227,2
6228,1
6229,1
6235,1
6238,1
6240,1
6242,1
6243,1
6251,1
6252,1
6262,1
6265,1
6267,1
6272,1
6275,1
6281,1
6283,2
6284,1
6291,1
6296,1
6300,1
6302,1
6316,2
6322,1
6325,1
6331,1
6334,1
6336,1
6338,1
6344,1
6345,1
6348,1
6350,2
6352,1
6362,1
6365,2
6366,1
6370,1
6377,1
6379,1
6382,1
6383,1
6391,1
6392,1
6393,1
6396,1
6400,1
6403,1
6406,2
6408,1
6418,1
6421,1
6434,1
6437,1
6440,2
6441,2
6442,2
6449,1
6451,2
6457,1
6459,1
6461,2
6463,1
6468,1
6472,1
6486,1
6487,1
6498,1
6516,1
6522,1
6527,1
6533,1
6544,1
6549,1
6556,1
6559,1
6560,1
6566,1
6571,1
6573,1
6587,1
6591,1
6597,1
6605,1
6609,1
6617,1
6622,1
6624,1
6632,1
6636,1
6638,1
6639,1
6641,1
6644,1
6648,1
6653,1
6657,1
6662,2
6664,1
6669,1
6671,1
6672,2
6674,1
6678,1
6681,1
6682,1
6686,1
6687,1
6689,1
6690,1
6693,1
6701,2
6703,1
6706,1
6708,2
6711,1
6714,1
6716,1
6720,1
6726,1
6731,1
6733,1
6735,2
6736,1
6741,1
6750,1
6754,1
6757,2
6758,1
6763,1
6765,1
6766,1
6771,1
6784,1
6787,3
6795,1
6796,1
6803,1
6806,1
6810,1
6814,1
6816,1
6820,1
6822,1
6824,1
6827,1
6828,1
6829,1
6836,2
6865,1
6874,1
6875,1
6884,1
6901,1
6903,1
6906,1
6909,1
6916,1
6927,1
6941,1
6945,1
6953,1
6957,1
6962,1
6965,1
6973,2
6974,1
6980,1
6988,1
6994,1
6997,1
7000,1
7003,1
7008,1
7010,1
7014,2
7015,2
7026,1
7030,2
7040,1
7043,1
7044,1
7047,1
7055,2
7069,1
7079,1
7080,1
7084,2
7086,1
7087,2
7088,1
7101,1
7103,1
7104,1
7105,1
7113,1
7118,2
7119,1
7128,1
7132,1
7136,1
7139,1
7140,1
7149,1
7154,1
7155,1
7160,3
7164,1
7174,1
7179,1
7185,1
7192,1
7193,1
7194,1
7201,1
7213,2
7215,1
7220,1
7226,1
7232,1
7233,1
7234,1
7242,1
7256,1
7264,1
7279,1
7282,1
7283,1
7284,1
7287,1
7299,2
7300,2
7309,1
7322,2
7323,1
7325,3
7331,1
7335,1
7341,1
7347,1
7356,2
7358,2
7359,1
7361,1
7362,1
7364,1
7365,2
7368,1
7370,1
7372,1
7376,2
7405,1
7406,1
7410,1
7417,1
7420,2
7429,1
7435,2
7438,1
7444,1
7448,1
7455,1
7456,1
7461,1
7473,1
7474,1
7486,1
7489,1
7495,1
7497,1
7501,1
7507,1
7509,1
7512,1
7513,1
7520,1
7521,1
7529,2
7533,1
7537,1
7539,1
7542,1
7545,1
7548,1
7556,1
7562,1
7564,2
7567,2
7571,1
7577,1
7581,2
7584,1
7591,1
7592,1
7597,1
7598,1
7600,1
7601,1
7604,1
7612,1
7614,1
7617,1
7619,1
7620,2
7626,1
7633,1
7638,1
7639,2
7642,2
7656,1
7657,1
7658,1
7662,1
7664,1
7678,1
7681,1
7683,1
7690,2
7693,1
7694,2
7695,1
7696,1
7704,1
7706,1
7712,1
7713,1
7717,1
7720,3
7721,1
7727,1
7734,1
7744,2
7752,1
7756,1
7758,1
7761,1
7762,1
7770,1
7771,1
7776,1
7781,1
7789,2
7791,1
7799,1
7802,2
7805,1
7808,1
7815,1
7826,1
7828,1
7829,2
7831,1
7837,1
7838,1
7845,1
7850,1
7852,1
7860,1
7862,1
7864,1
7872,1
7873,1
7878,1
7882,1
7884,2
7889,1
7890,1
7895,1
7897,1
7899,1
7900,1
7912,1
7918,1
7921,1
7925,1
7953,1
7956,1
7960,1
7974,1
7988,1
7990,1
8000,1
8010,1
8016,1
8017,1
8026,2
8031,1
8036,1
8040,1
8044,1
8052,2
8053,1
8056,1
8059,1
8060,1
8071,1
8077,1
8082,1
8084,1
8085,2
8086,1
8092,1
8094,1
8100,2
8104,2
8106,1
8111,2
8115,1
8123,1
8125,1
8129,1
8131,1
8141,1
8143,2
8154,1
8155,2
8159,1
8160,2
8162,1
8163,1
8166,1
8167,1
8172,1
8182,1
8184,1
8201,1
8208,1
8210,1
8215,1
8216,1
8218,1
8223,1
8228,1
8234,1
8235,1
8238,1
8239,1
8242,2
8250,1
8254,1
8255,1
8256,1
8257,1
8259,1
8264,1
8268,1
8269,1
8270,1
8275,1
8278,1
8282,1
8283,1
8284,1
8285,1
8291,1
8309,1
8312,1
8316,1
8319,1
8320,1
8321,1
8322,1
8325,1
8329,1
8333,1
8336,1
8340,1
8341,1
8344,1
8351,1
8358,1
8364,2
8367,1
8373,1
8382,1
8387,1
8388,1
8391,1
8392,1
8398,1
8402,1
8405,1
8416,1
8417,1
8426,1
8427,1
8432,1
8436,1
8438,1
8439,1
8441,1
8442,1
8465,1
8476,1
8493,1
8494,1
8502,1
8504,1
8509,2
8519,1
8521,1
8524,1
8550,1
8552,1
8555,1
8556,1
8560,1
8569,2
8578,1
8584,1
8594,1
8601,1
8603,1
8610,1
8638,1
8641,1
8644,1
8649,1
8674,2
8685,1
8687,1
8703,2
8706,1
8709,1
8725,1
8731,1
8736,1
8759,1
8762,1
8763,1
8766,1
8771,1
8798,1
8804,1
8806,1
8809,1
8815,1
8817,1
8820,1
8822,1
8824,1
8827,1
8832,1
8849,1
8854,1
8872,1
8882,1
8886,1
8898,1
8906,1
8924,1
8926,1
8928,1
8933,1
8938,1
8942,1
8950,1
8952,1
8959,1
8964,2
8970,1
8978,1
8982,1
8985,1
9009,1
9021,1
9027,1
9028,1
9029,1
9030,1
9054,1
9055,1
9062,1
9071,1
9081,1
9084,1
9085,1
9088,1
9089,1
9101,1
9103,1
9153,1
9169,1
9171,1
9176,1
9179,1
9186,1
9199,1
9201,1
9220,1
9221,1
9227,1
9229,1
9232,1
9235,1
9245,1
9256,1
9274,1
9277,1
9283,1
9288,2
9289,1
9294,1
9295,1
9318,1
9329,1
9337,1
9365,1
9388,1
9394,1
9404,1
9409,2
9420,1
9432,1
9457,1
9459,1
9465,1
9476,1
9491,1
9494,1
9495,1
9518,2
9524,1
9529,1
9555,1
9571,1
9573,1
9583,1
9597,1
9600,1
9601,1
9606,1
9619,1
9627,1
9631,1
9635,1
9648,1
9653,2
9660,1
9663,1
9675,1
9678,1
9679,1
9689,1
9716,1
9720,1
9727,1
9740,1
9746,1
9750,1
9753,1
9763,1
9781,1
9791,1
9814,1
9816,1
9823,1
9829,1
9831,1
9839,1
9851,2
9880,1
9883,1
9888,1
9902,1
9906,1
9922,1
9942,1
9945,1
9947,1
9948,1
9949,1
9952,1
9953,1
9954,1
9975,1
9981,1
9982,1
9996,1
9999,1
10001,1
10011,1
10054,1
10065,1
10070,1
10079,1
10080,1
10088,1
10089,1
10090,1
10098,1
10099,1
10101,1
10102,1
10105,1
10106,1
10112,1
10117,1
10138,1
10140,1
10147,1
10149,1
10173,1
10175,1
10189,1
10190,1
10205,1
10215,2
10252,1
10254,1
10265,1
10268,1
10277,1
10280,1
10294,1
10295,1
10297,1
10313,1
10315,1
10324,1
10325,1
10326,1
10338,1
10355,1
10360,1
10368,1
10372,1
10376,1
10379,1
10387,1
10397,1
10405,1
10408,1
10421,1
10429,1
10432,1
10436,1
10442,1
10445,1
10452,1
10454,1
10463,1
10465,1
10466,1
10469,1
10478,1
10490,1
10491,1
10503,1
10505,1
10508,1
10516,1
10542,1
10544,1
10571,1
10579,1
10583,1
10586,1
10610,1
10620,1
10621,1
10643,1
10692,1
10703,1
10726,1
10770,1
10778,1
10789,1
10793,1
10797,1
10803,1
10817,1
10827,1
10851,1
10858,1
10879,1
10881,1
10885,1
10890,1
10894,1
10899,1
10903,1
10921,1
10935,1
10954,1
10959,1
10966,1
10968,1
11003,1
11028,1
11030,1
11032,1
11033,1
11037,1
11059,1
11069,1
11084,1
11091,1
11092,1
11093,1
11099,1
11103,1
11104,1
11125,1
11127,1
11133,1
11141,1
11148,1
11164,1
11179,1
11197,1
11202,1
11217,1
11220,1
11238,1
11253,1
11287,1
11288,1
11292,1
11294,1
11310,1
11316,1
11321,1
11330,1
11343,1
11344,1
11381,1
11399,1
11402,1
11403,2
11429,1
11444,1
11446,1
11462,1
11465,1
11468,1
11476,1
11491,1
11505,1
11519,1
11535,1
11544,1
11565,1
11573,1
11577,1
11584,2
11586,1
11595,1
11628,1
11651,1
11671,1
11676,1
11678,1
11688,1
11700,1
11711,1
11722,1
11726,1
11727,1
11735,2
11738,1
11761,1
11781,1
11791,2
11814,1
11819,1
11857,1
11869,1
11873,1
11875,1
11877,1
11891,1
11897,1
11905,1
11909,1
11911,2
11915,1
11927,1
11931,1
11941,1
11950,1
11957,1
11963,1
11975,1
11997,1
12000,1
12017,1
12024,1
12055,1
12069,2
12073,1
12074,1
12080,1
12125,1
12139,2
12164,1
12181,1
12182,1
12183,1
12197,1
12200,1
12205,1
12208,1
12242,1
12247,1
12248,1
12262,2
12268,1
12269,1
12270,1
12271,1
12273,1
12284,1
12290,1
12295,1
12299,1
12324,1
12356,1
12407,1
12415,1
12430,1
12438,1
12472,1
12484,1
12497,1
12505,1
12528,1
12529,1
12548,1
12549,1
12565,1
12567,1
12606,1
12611,1
12615,2
12623,1
12630,1
12651,1
12677,1
12691,1
12737,1
12738,1
12741,1
12768,1
12777,1
12781,2
12789,1
12791,1
12801,1
12818,1
12835,1
12837,1
12846,1
12868,1
12876,1
12916,1
12928,1
12948,1
12958,1
12981,1
13002,1
13008,1
13024,1
13030,1
13037,1
13042,1
13048,1
13053,1
13054,1
13055,1
13062,1
13072,1
13084,1
13089,1
13096,1
13133,1
13149,1
13152,1
13167,1
13179,1
13201,1
13219,1
13232,1
13261,1
13263,1
13287,1
13295,1
13305,1
13310,1
13339,1
13343,1
13351,1
13355,1
13360,1
13373,2
13389,1
13394,1
13415,1
13418,2
13429,1
13441,1
13463,1
13484,1
13495,1
13517,2
13531,1
13533,1
13556,1
13566,1
13574,1
13601,1
13626,1
13629,1
13653,1
13721,1
13761,1
13771,1
13774,1
13778,1
13810,1
13852,1
13858,1
13878,1
13885,2
13893,1
13918,1
13934,1
13940,1
13944,1
13956,1
13968,1
13989,1
13990,1
13991,1
14024,1
14032,2
14033,1
14045,1
14048,1
14053,1
14062,1
14070,1
14097,1
14148,1
14160,1
14178,1
14183,1
14184,1
14218,1
14251,1
14252,1
14269,1
14276,1
14278,1
14288,1
14289,1
14314,1
14327,1
14338,1
14401,1
14410,1
14427,1
14429,1
14433,1
14443,1
14446,1
14451,1
14453,1
14473,1
14498,1
14509,1
14570,1
14574,1
14595,1
14596,1
14606,1
14620,1
14637,1
14665,1
14667,1
14668,1
14679,1
14729,1
14730,1
14772,1
14776,1
14827,1
14891,1
14897,1
14905,1
14908,1
14991,1
15000,1
15017,1
15026,1
15041,1
15042,1
15091,1
15140,1
15146,1
15159,1
15199,1
15250,1
15258,1
15285,1
15325,1
15327,1
15341,1
15359,1
15366,1
15417,1
15423,1
15485,1
15500,1
15577,1
15604,1
15619,1
15620,1
15636,1
15647,1
15664,1
15693,1
15711,1
15716,1
15721,1
15723,1
15725,1
15733,1
15738,1
15756,1
15761,1
15768,1
15839,1
15894,1
15917,1
15925,1
15954,1
15956,1
15988,1
16034,1
16053,1
16066,1
16072,1
16079,1
16085,1
16140,1
16152,1
16164,1
16175,1
16216,1
16233,1
16248,1
16250,1
16287,2
16307,1
16328,1
16334,1
16342,1
16361,1
16366,1
16382,1
16437,1
16460,1
16538,1
16561,1
16562,1
16566,1
16572,1
16579,1
16597,1
16605,1
16620,1
16622,1
16690,1
16716,1
16724,1
16751,1
16825,1
16870,1
16880,1
16918,1
16920,1
16922,1
16923,1
16927,1
16948,1
16951,1
16964,1
16980,1
16988,1
17015,1
17017,1
17020,1
17033,1
17048,1
17053,1
17057,1
17060,1
17072,1
17090,1
17136,1
17140,1
17165,1
17167,1
17192,1
17203,1
17231,1
17272,1
17298,1
17314,1
17317,1
17323,1
17344,1
17352,1
17361,1
17362,1
17370,1
17376,1
17382,1
17427,1
17465,1
17471,1
17502,1
17513,1
17514,1
17516,1
17518,1
17520,2
17523,1
17528,1
17537,1
17553,1
17572,2
17605,1
17619,2
17630,1
17635,1
17674,1
17690,1
17691,1
17692,1
17694,1
17728,1
17732,1
17739,2
17742,1
17749,1
17750,1
17751,1
17763,1
17765,1
17786,1
17798,2
17799,1
17800,1
17801,1
17805,1
17810,1
17812,1
17834,1
17835,1
17849,1
17856,1
17861,1
17865,1
17867,1
17870,2
17886,1
17893,1
17919,1
17920,1
17936,1
17939,1
17994,1
18004,1
18017,1
18041,1
18053,1
18057,1
18101,1
18119,1
18136,1
18144,1
18150,2
18157,1
18163,1
18180,2
18189,1
18190,1
18200,1
18212,1
18217,2
18233,1
18235,1
18237,1
18238,2
18241,1
18242,1
18290,1
18299,1
18369,1
18375,1
18382,1
18386,1
18389,1
18392,1
18402,2
18422,1
18424,1
18478,1
18484,1
18541,1
18549,1
18639,1
18671,1
18681,1
18705,1
18730,2
18732,1
18738,1
18811,1
18825,1
18826,1
18832,1
18858,1
18860,1
18899,1
18929,1
18952,1
19000,1
19015,1
19016,1
19022,1
19027,1
19028,1
19045,1
19054,1
19060,1
19062,1
19075,1
19153,1
19220,1
19222,1
19261,1
19273,1
19309,1
19324,1
19374,1
19436,1
19529,1
19540,1
19583,1
19585,1
19594,1
19620,1
19676,1
19735,1
19747,1
19766,1
19790,1
19828,1
19829,1
19838,1
19842,1
19851,1
19902,1
19936,1
19940,1
19947,1
19989,1
20000,1
20001,1
20013,1
20029,1
20068,1
20116,1
20132,1
20140,1
20141,2
20161,1
20233,1
20236,1
20249,1
20264,2
20265,1
20272,1
20280,1
20307,1
20344,1
20354,1
20375,1
20411,1
20416,1
20450,1
20476,1
20477,1
20479,1
20502,1
20569,1
20612,1
20622,1
20640,1
20675,1
20758,1
20796,1
20825,1
20902,1
20911,1
20934,1
21028,1
21050,1
21077,1
21140,1
21166,1
21173,1
21198,1
21253,1
21373,1
21374,1
21415,1
21436,1
21468,1
21600,1
21627,1
21635,1
21645,2
21657,1
21711,1
21841,1
21878,1
21905,1
21931,1
21943,1
21962,1
21968,1
21974,1
21978,1
22077,1
22079,1
22112,1
22149,1
22220,1
22239,1
22247,1
22321,1
22356,1
22370,1
22416,1
22442,1
22524,1
22557,1
22572,1
22659,1
22738,1
22750,1
22799,1
22805,1
22846,1
22904,1
22941,1
23083,2
23158,1
23211,1
23250,1
23381,1
23452,1
23466,1
23560,1
23579,1
23588,2
23609,1
23643,1
23765,1
23836,1
23842,1
23924,1
24018,1
24067,1
24156,1
24173,1
24204,1
24290,1
24430,1
24447,1
24453,1
24484,1
24500,1
24523,1
24634,1
24663,1
24727,1
24783,1
24806,1
24833,1
24888,1
24927,1
24939,1
24961,1
24971,1
25115,1
25121,1
25410,1
25458,1
25471,1
25478,1
25646,1
25669,1
25714,1
25797,1
26012,1
26025,1
26087,1
26198,1
26201,1
26283,1
26485,1
26556,1
26646,1
26658,1
26683,1
26691,1
26696,1
26702,1
26710,1
26836,1
26970,1
27027,1
27058,2
27141,1
27394,1
27440,1
27469,1
27544,2
27567,1
27615,1
27690,1
27738,1
27829,1
27851,1
27871,1
27899,1
27977,1
28249,1
28320,1
28360,1
28364,1
28369,1
28433,1
28458,1
28468,1
28471,2
28472,1
28480,1
28484,1
28491,2
28496,1
28500,1
28513,1
28516,1
28523,2
28525,1
28531,1
28537,3
28540,1
28543,1
28545,1
28553,1
28557,1
28570,1
28571,1
28573,1
28577,2
28581,1
28598,1
28601,1
28607,1
28611,1
28616,1
28617,1
28621,1
28622,1
28634,1
28639,1
28640,1
28641,1
28643,2
28646,3
28649,2
28662,1
28665,1
28666,1
28670,1
28671,2
28674,1
28683,1
28689,1
28697,1
28701,1
28704,1
28706,1
28714,1
28719,1
28720,1
28722,1
28726,1
28728,1
28734,1
28740,1
28745,1
28756,1
28772,1
28779,1
28780,1
28787,1
28790,1
28797,1
28800,1
28813,1
28817,1
28823,1
28837,1
28839,1
28843,3
28851,1
28859,1
28860,1
28863,1
28866,1
28871,1
28877,1
28880,1
28890,1
28896,1
28928,2
28931,1
28984,1
28999,1
29025,1
29030,2
29038,1
29186,1
29248,1
29386,1
29496,1
29629,1
29853,1
29872,1
29891,1
29982,1
30008,1
30034,1
30232,1
30248,1
30250,1
30278,1
30386,1
30551,1
30644,1
30647,1
30653,1
30661,1
30752,1
30795,1
30850,1
30952,1
31043,1
31178,1
31198,1
31201,1
31231,1
31302,1
31554,1
31583,1
31586,1
31630,1
31702,1
31719,1
31774,1
31801,1
31840,1
31851,1
31870,1
31940,1
31989,1
32055,1
32107,1
32135,1
32208,1
32230,1
32232,1
32320,1
32334,1
32353,1
32398,1
32471,1
32686,1
32847,1
32887,1
33026,1
33113,1
33192,1
33304,1
33425,1
33479,1
33930,1
34038,1
34067,1
34236,1
34446,1
34685,1
34733,1
34795,1
34849,1
35009,1
35023,1
35050,1
35182,1
35186,1
35215,1
35502,1
35508,1
35568,1
35590,1
35619,1
35789,1
35798,1
35808,1
35820,1
35850,1
35910,1
35960,1
35985,1
35992,1
36286,1
36551,1
36655,1
36763,1
36990,1
37049,1
37219,1
37282,1
37394,1
37483,1
37596,1
37609,1
37737,1
37890,1
37923,1
37965,1
38043,1
38095,1
39124,1
39289,1
39298,1
39504,1
39610,1
39615,1
40563,1
40793,1
40808,1
40822,1
40860,1
41121,1
41244,1
41252,1
41268,1
41414,1
41419,1
41429,1
41443,1
41468,1
41499,1
41518,1
41523,1
41527,1
41533,1
41553,1
41569,1
41603,1
41623,1
41644,1
41645,1
41673,1
41713,1
41736,1
41778,1
41781,1
41790,1
41811,1
41909,1
41992,1
42461,1
42471,1
43005,1
43048,1
43084,1
43212,1
43705,1
43972,1
44348,1
44465,1
44546,1
44725,1
45026,1
45053,1
45152,1
45317,1
45654,1
45759,1
45785,1
46156,1
46287,1
46615,1
47017,1
47287,1
47301,1
47321,1
47415,1
48947,1
49069,1
49500,1
51150,1
51162,1
51388,1
51458,1
51474,1
52570,1
52764,1
53258,1
54748,1
54801,1
54948,1
55668,1
56290,1
56681,1
57171,1
58042,1
58531,1
58811,1
59122,1
59148,1
59436,1
59507,1
61146,1
61697,1
62605,1
62993,1
63389,1
63909,1
63931,1
63941,1
64010,1
64620,1
64854,1
64855,1
64932,1
65256,1
65349,1
65711,1
65937,1
66166,1
67021,1
68444,1
68468,1
69450,1
69710,1
73358,1
73999,1
74065,1
74619,1
76851,1
77660,1
78318,1
78328,1
79265,1
79581,1
80986,1
81048,1
81665,1
81812,1
81828,1
83497,1
83645,1
84027,1
84722,1
84933,1
86777,1
88149,1
89211,1
89534,1
89662,1
91309,1
92289,1
93852,1
94047,1
94240,1
97022,1
102109,1
104115,1
104662,1
105562,1
105702,1
105834,1
106775,1
108769,1
110659,1
113468,1
115714,1
115853,1
117203,1
117483,1
119972,1
121659,1
122107,1
123017,1
125619,1
125775,1
128082,1
128450,1
129305,1
131480,1
132662,1
135549,1
136456,1
141057,1
141541,1
141799,1
147568,1
149028,1
149301,1
149716,1
149737,1
152310,1
158615,1
160480,1
163299,1
165370,1
166485,1
168075,1
169216,1
169402,1
169469,1
169688,1
169742,1
169756,1
169759,1
169821,1
169846,1
179997,1
189729,1
191414,1
192427,1
193880,1
196738,1
196844,1
197043,1
197168,1
197169,1
197172,1
197248,1
197395,1
197475,1
197485,1
197533,1
197580,1
197615,1
197637,1
197694,1
197818,2
197909,1
197972,1
198014,1
198025,1
198054,1
198170,1
198174,1
198281,1
198483,1
203137,1
204216,1
205389,1
211486,1
217754,1
219719,1
223519,1
226652,1
229250,1
250249,1
251787,1
254382,1
274246,1
302445,1
306720,1
314800,1
321319,1
335077,1
340827,1
355800,1
363668,1
373747,1
388837,1
395084,1
436885,1
442407,1
443096,1
457222,1
491298,1
500921,1
501047,1
595175,1
625863,1
653249,1
664860,1
769048,1
772507,1
782802,1
806311,1
945320,1
1104482,1
1167189,1
1600278,1
2145143,1
