address,owner,category
12KkeeRkiNS13GMbg7zos9KRn9ggvZtZgx,Mt.Gox,Exchange
12T4oSNd4t9ty9fodgNd47TWhK35pAxDYN,Mt.Gox,Exchange
13ahgw8sM95EDbugT3tdb8TYoMU46Uw7PX,Mt.Gox,Exchange
13dXFMyG22EsUsvaWhCqUo7SXuX7rBPog6,Mt.Gox,Exchange
13sXfpp2V16nnxYvW9FHHoBdMa3k98uJw8,Mt.Gox,Exchange
13Wv5hGhubAWgSPWtXYh6s1s7HX2N1psYg,Mt.Gox,Exchange
13xGCc4TPSYY9GYxBGVNox82KxyjkFnxMX,Mt.Gox,Exchange
1439q4Na8v88kPBqoyg8F4ueL9SYr8ANWj,Mt.Gox,Exchange
14mP6caC5dFhHdVAPCjPKM8Nm36MBDR5pM,Mt.Gox,Exchange
14p4w3TRCd6NMRSnzTmgdvQhNnbrAmzXmy,Mt.Gox,Exchange
14USZ558Rr28AZwdJQyciSQkN4JT1cEoj2,Mt.Gox,Exchange
155FsTtEFq4eGCcBxDseuwLKPbmtWbyHJR,Mt.Gox,Exchange
156HpsWfgkWYLT63uhTAGUSUF3ZMnB9WWj,Mt.Gox,Exchange
15kNZcrhxeFZgVVLK2Yjzd69tRidbFdJEZ,Mt.Gox,Exchange
15QcKCa84ZCHxbsqXDoKhi5XbmQB8jPEAd,Mt.Gox,Exchange
15SeCwVCFx5cWyrcdD1Zp1D1zxjH2SELPg,Mt.Gox,Exchange
15U4VsmWG1cdXAtizvQsW4r7iMxzp64Tgu,Mt.Gox,Exchange
16jZZkMYqjUWUtQ9DfDvHdH5ko5BcnH9XQ,Mt.Gox,Exchange
16W4XcUAKPmSES9MiUCio28msSCp8rDZgs,Mt.Gox,Exchange
16w6sZBDP58yyeyZAcvnxcEGJpwR9amM6g,Mt.Gox,Exchange
17etv2L3nhk6SCcWSNW4eoZkBy84izAm17,Mt.Gox,Exchange
17KcBp8g76Ue8pywgjta4q8Ds6wK4bEKp7,Mt.Gox,Exchange
17Tf4bVQaCzwWrDWGRPC97RLCHnU4LY8Qr,Mt.Gox,Exchange
18hcZVFPqDNAovJmb9vA6hEJrDz6uWXNGh,Mt.Gox,Exchange
18KDS3q6a4YV9Nn8jcyMvNoVPfcrfemeag,Mt.Gox,Exchange
18M1Z337NqLtK9V69bssnQUYsvb7hmfSFS,Mt.Gox,Exchange
18ok25NTkdrUzdByFJCNVsqVYkujZ8aP45,Mt.Gox,Exchange
18YDgRhxsomuBZ1g9d8Y1JuRmxDhF8Bvff,Mt.Gox,Exchange
195HvmjXgoF3M5vFaBC8swZPhwrE7VhxRD,Mt.Gox,Exchange
199Yxz2TJGtND3QKsHTptTJivqSaUZBvku,Mt.Gox,Exchange
19c8sUa54yQuRTVDfJa3iDkkCaFkzBJLPB,Mt.Gox,Exchange
19Cr4zXpKw43xLJhFZW9iv4DDNtQk2TDeB,Mt.Gox,Exchange
19eihBKk6e5YD2QXAe4SVUsxRLLnTDKsfv,Mt.Gox,Exchange
19KiFrafXEyJCUDYFEv3B6tBUwyfFo7kNU,Mt.Gox,Exchange
1Ar6meJQCkNoC9wnPcyRNNpzX5fBDaGcKd,Mt.Gox,Exchange
1AZu7TQmKBAes2duNDctYwjAB9nhHczUnA,Mt.Gox,Exchange
1B6kJM75iu5ty1HAHMMz6tT1HhjoGNTCa9,Mt.Gox,Exchange
1BDZBTb4KE5oq6wAgA6EvAe3uCFRrAbPao,Mt.Gox,Exchange
1BXyJc6BVuTFnHQCcjiWX2xmCPNVfaSZeb,Mt.Gox,Exchange
1BzK87zuqidZn489Wb2oLSktrjKrX7TLKe,Mt.Gox,Exchange
1C5aU4Xnpd3txbxehk46UZgiuNB8QdpHCH,Mt.Gox,Exchange
1CRjKZJu8LvTutnSKq4zTJ4yiqrzMAArYW,Mt.Gox,Exchange
1CZsoJfkknbnW5fKrt1oR7N1ALE5WmDGP1,Mt.Gox,Exchange
1DedUxzgwErg4ipNi988wPgLk5thwciKcc,Mt.Gox,Exchange
1Drshi4RAuvxk4T6Bkq959ZvLbvy7b1wvD,Mt.Gox,Exchange
1EiiKCCnFgHjEvPZdu29qqgdBm8zTvpU3U,Mt.Gox,Exchange
1EK8vW7UYaYHKiW4TZmYJKtwcZLM14VjvP,Mt.Gox,Exchange
1FhRuUkk8Bfx8FJDemtxhKAR4F8GCNKrXG,Mt.Gox,Exchange
1FrV9hv1AW34BGJvobJatyzUWYDWB9epRW,Mt.Gox,Exchange
1Fu4YgM3Y9CxvioGPqkSzkydAC8MVaPN1D,Mt.Gox,Exchange
1G23Uzwj55k2A9TRwaTknqGav66oDTkWCu,Mt.Gox,Exchange
1GkZQcDy8V6pmHFZqUBUBCnN9dc2hoWasD,Mt.Gox,Exchange
1GyDutntMuYyA2vQGW5HFcKLfx4cbDdbJq,Mt.Gox,Exchange
1H4K3dGfNbAN4AUfyUrpkGpjrd83sntDpV,Mt.Gox,Exchange
1Hb8DmmvvtTYv5RBLuGtDxznkZwVpd5Vjy,Mt.Gox,Exchange
1HdKXsNQtzDcfB6PGM7DWTgX9vhBWsz1ak,Mt.Gox,Exchange
1Hm6XDmhKCHz68wDEYTapN9MEanke8iwUk,Mt.Gox,Exchange
1HuPVqz2xvf1rdNFUqd62vRTyxP3jeX9Ch,Mt.Gox,Exchange
1HweN9p41BY2RBunsPqyVuheEq7gVoxA9u,Mt.Gox,Exchange
1HX4s3JeFU3x1eQgPNQVAdx6FoCtbb1hr8,Mt.Gox,Exchange
1HzEPuenagLEWj68igDXBBXrzc293RuR5V,Mt.Gox,Exchange
1JtgU6Uo1RAt5eiMf34EehyatUezBQP36C,Mt.Gox,Exchange
1JVmoJT3471FjsX5H4hAeR1RyrDgpkHbpm,Mt.Gox,Exchange
1JVU43LNKXqa9W5fCh8tppxDDEWgfeNg46,Mt.Gox,Exchange
1JztCg7eKSkb1vi7NzGJynXpLZmoaFtYud,Mt.Gox,Exchange
1KFDUSZuapMv7YaDmL6cyrHTQhma1MtFYs,Mt.Gox,Exchange
1LLc8aA9C9LLULGbYCYSFKXgxKP2DXdCqP,Mt.Gox,Exchange
1LS5EFRRMDgMQusW6zokQUHjzNUfy6HHCQ,Mt.Gox,Exchange
1LueUjEuBgc7cQhsWT8zAfTjcWmrNBZXaR,Mt.Gox,Exchange
1LXi3x7hyt17cxncscGE887WCrC6XDNZ4P,Mt.Gox,Exchange
1LzwbLgdKd4eFLkpRdeajkH1YJkVCip2zj,Mt.Gox,Exchange
1MkyfwJf7uhWTmVGGQXfcT5ip31DoHMxsz,Mt.Gox,Exchange
1Mm9brripN4RPTzkGnRrbt5uDWdqbfk2iX,Mt.Gox,Exchange
1MPJJzRaT8vLhowNB4dVyWRxxu79dq7WkB,Mt.Gox,Exchange
1MvpYtqgBH7CXbTutrSVCTNHPzm9vakuRy,Mt.Gox,Exchange
1N5X4kcZ56uRh24XrZoztS9Vb8G7j1Joop,Mt.Gox,Exchange
1NA3Tj4b1jtx9eGELe31Jw4DrzTqKP3ayH,Mt.Gox,Exchange
1Pq7hooZbEAz5y3QMnqFY8C5xqTdrjUwcA,Mt.Gox,Exchange
1PRXQEoL8vzEzoJJ9hbtAP6NaV2daccAUn,Mt.Gox,Exchange
1PxGTuJzDx1ceFHx4Z5CHaWuhiPBNovmZD,Mt.Gox,Exchange
